bulb_setting,vd_mv_mean,vd_mv_sem,vd_mv_std,v0_mv_mean,v0_mv_sem,v0_mv_std,v0_sq_mv2_mean,v0_sq_mv2_sem,v0_sq_mv2_std,n,current_a,current_a_err_stat,current_a_err_rf,current_a_err,scaled_x_v2_per_c,scaled_x_err_v2_per_c,scaled_x_rf_err_v2_per_c,v0_sq_v2,v0_sq_repeat_err_v2,v0_sq_floor_err_v2,v0_sq_v2_err,fit_residual_v2,fit_standardized_residual
1,3.157,0.006442049363362621,0.014404860290888066,104.5,0.15165750888103222,0.3391164991562661,10920.342,31.702367955722348,70.88864979670622,5,6.646315789473684e-09,1.3562209186026572e-11,6.646315789473684e-11,6.783277139662114e-11,115946361566093.3,236595560567.3309,2592639462055.5356,0.010920342,3.1702367955722344e-05,4.18e-05,5.2462178128629116e-05,-7.067901775645313e-05,-1.3472371156032583
2,3.2762000000000002,0.007857480512225271,0.017569860557215575,104.73999999999998,0.20149441679609775,0.45055521304275,10970.630000000001,42.17635913636941,94.30920607236634,5,6.8972631578947375e-09,1.654206423626373e-11,6.897263157894738e-11,7.092858236368385e-11,120324190612237.86,288579751811.53094,2690530695466.059,0.01097063,4.217635913636941e-05,4.189599999999999e-05,5.94484658002207e-05,-2.1194583011301116e-05,-0.3565201273513328
3,5.662000000000001,0.008660254037844513,0.01936491673103737,104.88000000000002,0.1562049935181313,0.34928498393145563,10999.912,32.75544785222751,73.2434080310302,5,1.1920000000000002e-08,1.8232113763883188e-11,1.192e-10,1.205862760528709e-10,207946879691865.84,318063017398.207,4649833586999.825,0.010999912,3.275544785222751e-05,4.195200000000001e-05,5.322489706894694e-05,-7.996022482914533e-06,-0.15023077756892206
4,17.6382,0.010470912090166757,0.023413671220037277,105.2,0.15811388300841808,0.3535533905932718,11067.140000000001,33.324100437971175,74.51495386833406,5,3.7133052631578956e-08,2.2044025452982646e-11,3.7133052631578954e-10,3.719842722913605e-10,647793827866666.8,384562609798.3061,14485110345146.645,0.011067140000000001,3.3324100437971174e-05,4.2080000000000004e-05,5.367701621737176e-05,-2.1503410109679696e-05,-0.40060705738927244
5,40.9092,0.017281203661781857,0.03864194612076252,106.61999999999998,0.16552945357246748,0.3701351104664327,11367.934,35.30057061861732,78.93447554776014,5,8.612463157894737e-08,3.638148139322496e-11,8.612463157894737e-10,8.620144016484338e-10,1502462114215909.0,634682511265.8394,33596074210048.258,0.011367933999999998,3.530057061861732e-05,4.2647999999999996e-05,5.5362281293313664e-05,0.00012241334957515358,2.211127787581069
6,61.898399999999995,0.10008026778541304,0.2237862819745659,106.5,0.17029386365926352,0.38078865529319433,11342.365999999998,36.23035034332417,81.01352621630569,5,1.3031242105263158e-07,2.1069530060086956e-10,1.3031242105263159e-09,1.3200474301157231e-09,2273327293874776.5,3675623349470.681,50833143642096.414,0.011342365999999998,3.6230350343324166e-05,4.26e-05,5.59231462455396e-05,-4.464954847061345e-05,-0.7983509962657735
7,80.46880000000002,0.06674833331252535,0.14925381067162038,107.3,0.2097617696340309,0.4690415759823443,11513.465999999999,44.96774217147234,100.55092829009615,5,1.6940800000000006e-07,1.4052280697373758e-10,1.6940800000000004e-09,1.6998981456780815e-09,2955357801580504.5,2451449600313.0107,66083809421683.44,0.011513465999999998,4.4967742171472335e-05,4.292e-05,6.216288471427312e-05,1.2614564905508857e-06,0.02029222822002555
8,103.1896,0.0983400223713604,0.21989497493121193,108.05999999999999,0.22045407685048554,0.49295030175464843,11677.158,47.583599422489804,106.40016292280694,5,2.1724126315789476e-07,2.0703162604496926e-10,2.1724126315789475e-09,2.1822554241029144e-09,3789819028020444.0,3611709784696.692,84742929690758.94,0.011677157999999998,4.75835994224898e-05,4.322399999999999e-05,6.428462576697457e-05,1.1785290027882186e-05,0.1833200902454781
9,129.73399999999998,0.08465222974027685,0.18928814014618842,108.96,0.16309506430299975,0.3646916505762068,11872.388,35.614084489145476,79.63551387415016,5,2.7312421052631575e-07,1.78215220505846e-10,2.731242105263158e-09,2.7370502557282856e-09,4764708670071443.0,3109001595452.0547,106542124792623.64,0.011872388000000001,3.561408448914547e-05,4.3584e-05,5.628435013394036e-05,2.807101527296102e-05,0.498710076127788
10,146.272,0.08493526947034508,0.18992103622295417,110.22,0.2853068523537412,0.6379655163094612,12148.774000000001,62.94352330462586,140.74599685248563,5,3.0794105263157894e-07,1.788110936217791e-10,3.079410526315789e-09,3.0845976393667135e-09,5372095723470255.0,3119396725917.705,120123712193154.03,0.012148774000000001,6.294352330462587e-05,4.4088e-05,7.684815462976309e-05,0.00019296907748205493,2.510974042707222
11,172.23200000000003,0.1329812016790331,0.2973550066839272,110.1,0.22135943621178616,0.4949747468305824,12122.206,48.767832492330285,109.04818856817352,5,3.625936842105264e-07,2.799604245874381e-10,3.6259368421052636e-09,3.6367287254167676e-09,6325522250633952.0,4883967846490.575,141442977456049.78,0.012122206,4.876783249233028e-05,4.404e-05,6.571014446795857e-05,-8.60357030195609e-06,-0.1309199639147854
12,191.9,0.19057806799314578,0.42614551505325093,110.92,0.29732137494636907,0.6648308055437842,12303.600000000002,65.82517162909642,147.18955839325017,5,4.04e-07,4.01216985248728e-10,4.04e-09,4.059873775039327e-09,7047864043247801.0,6999313771967.31,157595030968786.0,0.012303600000000001,6.582517162909642e-05,4.4368e-05,7.938181557510511e-05,4.0202162648127204e-05,0.5063741388855995
13,214.698,0.11096846398864674,0.24813302883735155,111.79999999999998,0.11401754250991228,0.25495097567963587,12499.292,25.478550468973076,56.97177081678294,5,4.519957894736842e-07,2.336178189234668e-10,4.5199578947368424e-09,4.525991234581931e-09,7885160575076686.0,4075511450130.3887,176317550593728.03,0.012499291999999999,2.5478550468973073e-05,4.472e-05,5.146877630175413e-05,8.220556633919442e-05,1.5970242653362166
14,237.224,0.10957189420650085,0.2450102038691513,112.16000000000001,0.22494443758404006,0.5029910535983722,12580.068000000001,50.46087091995161,112.83393758085415,5,4.994189473684211e-07,2.3067767201368599e-10,4.99418947368421e-09,4.999514045127168e-09,8712467429887525.0,4024219975656.8486,194816694249813.88,0.012580068,5.046087091995161e-05,4.4864e-05,6.752094482455067e-05,1.1126608866832144e-05,0.1647776575887577
15,272.594,0.04833218389438008,0.10807404868885438,112.96000000000001,0.27313000567495416,0.6107372593841008,12760.26,61.64473821827768,137.84182511124817,5,5.738821052631579e-07,1.0175196609343175e-10,5.738821052631579e-09,5.739723036587332e-09,1.0011492709771186e+16,1775084215741.7498,223863782552919.44,0.012760259999999999,6.164473821827768e-05,4.5184e-05,7.643080273031276e-05,-4.712185307925547e-05,-0.6165240090369127
16,303.754,0.20898803793518858,0.4673114593073865,113.55999999999999,0.20639767440550338,0.46151923036857406,12896.044,46.897104452194036,104.8651135030139,5,6.39482105263158e-07,4.399748167056602e-10,6.394821052631579e-09,6.409938699747076e-09,1.1155898356397564e+16,7675452204441.494,249453470749831.28,0.012896043999999999,4.6897104452194034e-05,4.5424e-05,6.528918886002489e-05,-0.00012139736097408274,-1.8589464693629532
17,404.58599999999996,0.21303990236572815,0.4763717036096864,116.48000000000002,0.24166091947189206,0.5403702434442532,13567.823999999999,56.19253843705573,125.65033577352641,5,8.517599999999999e-07,4.4850505761205923e-10,8.517599999999999e-09,8.529400128186247e-09,1.4859130389793926e+16,7824264031581.228,332260256381121.7,0.013567823999999997,5.619253843705573e-05,4.659200000000001e-05,7.299599879445438e-05,-0.00012935806379985905,-1.7717825154988143
18,519.03,0.14425671561489545,0.3225678223257616,120.13999999999999,0.18601075237738163,0.415932686861706,14433.758000000002,44.745416904974626,100.05379388109151,5,1.0926947368421052e-06,3.036983486629378e-10,1.0926947368421052e-08,1.0931166977007731e-08,1.9062286995137604e+16,5298080870136.767,426245695277378.9,0.014433758000000001,4.4745416904974626e-05,4.8055999999999995e-05,6.566225300734043e-05,-3.492760428495251e-05,-0.5318698749303683
19,660.662,0.17202906731131365,0.38466868861398434,124.13999999999999,0.3124099870362666,0.6985699678629202,15411.13,77.76429656339744,173.88625333820997,5,1.3908673684210528e-06,3.621664574975024e-10,1.3908673684210528e-08,1.3913388091934572e-08,2.426397058124116e+16,6318069191750.197,542558876237103.2,0.015411129999999999,7.776429656339744e-05,4.9655999999999993e-05,9.226594255737068e-05,-1.2342132595613564e-05,-0.13375637255639633
20,991.488,0.20162837101955625,0.45085474379227636,132.98,0.21999999999999975,0.4919349550499532,17683.874,58.51604460316863,130.84585350709477,5,2.087343157894737e-06,4.244807810938026e-10,2.087343157894737e-08,2.0877747239932646e-08,3.641413561496443e+16,7405155530001.861,814244825769565.8,0.017683874,5.8516044603168625e-05,5.3191999999999995e-05,7.907917766390859e-05,3.0198184515620174e-05,0.38181637094882254
21,1274.0,0.5009990019950349,1.1202678251204508,139.51999999999998,0.20099751242241487,0.4494441010848781,19465.992,56.074583226270875,125.38657990391116,5,2.682105263157895e-06,1.0547347410421787e-09,2.6821052631578946e-08,2.6841783279802577e-08,4.678988426835694e+16,18400066971671.91,1046253618833941.4,0.019465991999999998,5.607458322627087e-05,5.580799999999999e-05,7.911315786896624e-05,-9.218740002813267e-05,-1.1641996309453069
22,1646.9333333333334,1.2753213102761396,3.1238864682742067,148.46666666666667,0.16055459438389622,0.3932768321000674,22042.48,47.703431742381014,116.84906674851975,6,3.4672280701754387e-06,2.6848869690023993e-09,3.467228070175439e-08,3.477607894943834e-08,6.048651496418053e+16,46838411705486.586,1352519591819659.2,0.02204248,4.770343174238101e-05,5.9386666666666665e-05,7.61734440456632e-05,-2.9762059770666732e-05,-0.3882493257467046
23,2115.7,0.4393176527297438,0.9823441352193533,159.24,0.3264965543462858,0.7300684899377495,25357.804,103.98523474993968,232.51805355713847,5,4.454105263157895e-06,9.248792689047239e-10,4.4541052631578945e-08,4.455065399285554e-08,7.770279289369134e+16,16134711246680.486,1737487269518814.2,0.025357803999999998,0.00010398523474993968,6.369600000000001e-05,0.00012194305827721421,0.00012545618549575366,1.028506289729503
24,2682.7,0.3082207001483972,0.6892024376043957,170.85999999999999,0.23790754506740336,0.5319774431308087,29193.365999999998,81.32853672604732,181.85613663003,5,5.647789473684211e-06,6.488856845229415e-10,5.647789473684211e-08,5.6481622201716166e-08,9.85268622658722e+16,11319945752790.78,2203127616362491.8,0.029193366,8.132853672604732e-05,6.8344e-05,0.00010623197833985784,0.0001386901695661323,1.3052910289852835
25,3458.5199999999995,1.1060741385639197,2.4732569619834464,185.23999999999998,0.2379075450674071,0.5319774431308171,34314.084,88.16986563446665,197.15381312569005,5,7.281094736842104e-06,2.3285771338187782e-09,7.281094736842104e-08,7.284817312846714e-08,1.2702021235462938e+17,40622512508342.55,2840258293414099.0,0.034314084,8.816986563446664e-05,7.409599999999999e-05,0.00011517005870450835,2.9357867417083294e-05,0.25437628829676406
26,4435.5,1.7793257149831347,3.9786932528157055,202.28000000000003,0.39038442591886324,0.8729261137118091,40917.808,158.09716608465862,353.516010415371,5,9.337894736842105e-06,3.7459488736487044e-09,9.337894736842105e-08,9.345405258520542e-08,1.6290151622629296e+17,65348857362458.67,3642588639197760.5,0.04091780799999999,0.00015809716608465861,8.091200000000001e-05,0.00017759917136067987,4.694778451951043e-05,0.26374599726203146
28,5412.499999999999,0.5069516742254684,1.1335784048754753,217.58,0.34842502780368706,0.7791020472312986,47341.542,151.58984522058236,338.96519861189375,5,1.1394736842105262e-05,1.0672666825799334e-09,1.1394736842105263e-07,1.139523664881728e-07,1.9878355463303133e+17,18618689298790.78,4444935409685013.0,0.047341542,0.00015158984522058237,8.7032e-05,0.00017479716873565235,-0.0001155871247630752,-0.6611379349220603
27,7063.460000000001,8.85525832485982,19.800959572707473,241.86000000000004,0.4296510211788179,0.9607288899580387,58496.998,208.02902387407397,465.1670386753561,5,1.487044210526316e-05,1.8642649104968043e-08,1.487044210526316e-07,1.4986845300545847e-07,2.59417955992283e+17,325224891826213.0,5800761841827937.0,0.058496997999999994,0.00020802902387407395,9.674400000000002e-05,0.00022942422781824947,-8.977955717783676e-05,-0.37871522539045144
